<?xml version="1.0"?>
<doc>
    <assembly>
        <name>ValidationFramework.ActiveRecord</name>
    </assembly>
    <members>
        <member name="T:ValidationFramework.ActiveRecord.ActiveRecordValidatableBase">
            <summary>
            Base class that provides minimal validation logic.
            </summary>
        </member>
        <member name="M:ValidationFramework.ActiveRecord.ActiveRecordValidatableBase.#ctor(System.Boolean)">
            <summary>
            Initializes a new instance of the <see cref="T:ValidationFramework.ActiveRecord.ActiveRecordValidatableBase`1"/> class.
            </summary>
            <param name="validateOnConstruction">A <see langword="bool"/> indicating if the properties, of the instance being created, should be validated on construction.</param>
        </member>
        <member name="M:ValidationFramework.ActiveRecord.ActiveRecordValidatableBase.#ctor(System.Boolean,System.String)">
            <summary>
            Initializes a new instance of the <see cref="T:ValidationFramework.ActiveRecord.ActiveRecordValidatableBase`1"/> class.
            </summary>
            <param name="validateOnConstruction">A <see langword="bool"/> indicating if the properties, of the instance being created, should be validated on construction.</param>
            <param name="ruleSet">The rule set to validate. Use null to validate all rules.</param>
        </member>
        <member name="M:ValidationFramework.ActiveRecord.ActiveRecordValidatableBase.#ctor(System.Boolean,System.String,System.Object)">
            <summary>
            Initializes a new instance of the <see cref="T:ValidationFramework.ValidatableBase"/> class.
            </summary>
            <param name="validateOnConstruction">A <see langword="bool"/> indicating if the properties, of the instance being created, should be validated on construction.</param>
            <param name="ruleSet">The rule set to validate. Use null to validate all rules.</param>
            <param name="context">An <see cref="T:System.Object"/> to pass as the context parameter when calling <see cref="M:ValidationFramework.Rule.Validate(System.Object,System.Object,System.Object)"/>. Use a null for a non value.</param>
        </member>
        <member name="M:ValidationFramework.ActiveRecord.ActiveRecordValidatableBase.#ctor(System.Boolean,System.String,System.Object,System.Boolean)">
            <summary>
            Initializes a new instance of the <see cref="T:ValidationFramework.ValidatableBase"/> class.
            </summary>
            <param name="validateOnConstruction">A <see langword="bool"/> indicating if the properties, of the instance being created, should be validated on construction.</param>
            <param name="ruleSet">The rule set to validate. Use null to validate all rules.</param>
            <param name="context">An <see cref="T:System.Object"/> to pass as the context parameter when calling <see cref="M:ValidationFramework.Rule.Validate(System.Object,System.Object,System.Object)"/>. Use a null for a non value.</param>
            <param name="ignoreNoRules">Set to <c>true</c> to ignore the fact that no <see cref="T:ValidationFramework.Rule"/>s exists on the current type.</param>
        </member>
        <member name="M:ValidationFramework.ActiveRecord.ActiveRecordValidatableBase.#ctor">
            <summary>
            Initializes a new instance of the <see cref="T:ValidationFramework.ValidatableBase"/> class.
            </summary>
            <remarks><see cref="P:ValidationFramework.ValidatableBase.ValidateOnConstruction"/> will default to <see langword="false"/>.</remarks>
        </member>
        <member name="M:ValidationFramework.ActiveRecord.ActiveRecordValidatableBase.NHibernate#Classic#IValidatable#Validate">
            <summary>
            Throws an exception explaining why the save or update cannot be executed when fields are not ok to pass.
            </summary>
            <exception cref="T:Castle.Components.Validator.ValidationException"><see cref="P:ValidationFramework.ActiveRecord.ActiveRecordValidatableBase.IsValid"/> is <c>false</c>.</exception>
        </member>
        <member name="P:ValidationFramework.ActiveRecord.ActiveRecordValidatableBase.Context">
            <summary>
            An <see cref="T:System.Object"/> to pass as the context parameter when calling <see cref="M:ValidationFramework.Rule.Validate(System.Object,System.Object,System.Object)"/>. The default is null.
            </summary>
        </member>
        <member name="P:ValidationFramework.ActiveRecord.ActiveRecordValidatableBase.RuleSet">
            <summary>
            Gets the the rule set to validate.
            </summary>
            <remarks>Will be a null to validate all <see cref="T:ValidationFramework.Rule"/>s.</remarks>
        </member>
        <member name="P:ValidationFramework.ActiveRecord.ActiveRecordValidatableBase.ValidatorResultsInError">
            <summary>
            Gets a <see cref="T:System.Collections.Generic.IList`1"/> containing all <see cref="T:ValidationFramework.ValidationResult"/> in error.
            </summary>
        </member>
        <member name="P:ValidationFramework.ActiveRecord.ActiveRecordValidatableBase.PropertyValidationManager">
            <summary>
            Gets the <see cref="T:ValidationFramework.PropertyValidationManager"/>.
            </summary>
        </member>
        <member name="P:ValidationFramework.ActiveRecord.ActiveRecordValidatableBase.IsValid">
            <summary>
            Gets a <see lanword="bool"/> indicating if the current state is valid.
            </summary>
            <remarks>
            Base behavior is to validate all properties and return boolean value.
            Sub-class can override this if, for example, they are validating on the fly.
            </remarks>
        </member>
        <member name="P:ValidationFramework.ActiveRecord.ActiveRecordValidatableBase.ErrorMessages">
            <summary>
            Gets a <see see="IList{T}"/> of <see langword="string"/>s that contain all the error messages.
            </summary>
        </member>
        <member name="P:ValidationFramework.ActiveRecord.ActiveRecordValidatableBase.ValidateOnConstruction">
            <summary>
            Gets a <see langword="bool"/> indicating if the <see cref="T:ValidationFramework.ValidatableBase"/> has been validated on construction.
            </summary>
        </member>
        <member name="P:ValidationFramework.ActiveRecord.ActiveRecordValidatableBase.IgnoreNoRules">
            <summary>
            Gets a value indicating that, if no <see cref="T:ValidationFramework.Rule"/>s exists, it will be ignored.
            </summary>
        </member>
        <member name="T:ValidationFramework.ActiveRecord.ActiveRecordNotifyValidatableBase`1">
            <summary>
            Provides base class that developer can (optionally) inherit from to provide <see cref="T:System.ComponentModel.INotifyPropertyChanged"/> and <see cref="T:System.ComponentModel.IDataErrorInfo"/> functionality for all sub-classes.
            </summary>
            <remarks>
            This ideal for windows forms applications to get immediate validation feedback on data bound controls.
            </remarks>
        </member>
        <member name="T:ValidationFramework.ActiveRecord.ActiveRecordDataErrorInfoValidatableBase`1">
            <summary>
            Provides base class that developer can inherit from to provide <see cref="T:System.ComponentModel.INotifyPropertyChanged"/> and <see cref="T:System.ComponentModel.IDataErrorInfo"/> functionality for all sub-classes.
            </summary>
            <remarks>This ideal for windows forms applications to get immediate validation feedback on dataBound controls.</remarks>
        </member>
        <member name="T:ValidationFramework.ActiveRecord.ActiveRecordValidatableBase`1">
            <summary>
            Base class that provides minimal validation logic.
            </summary>
        </member>
        <member name="M:ValidationFramework.ActiveRecord.ActiveRecordValidatableBase`1.#ctor(System.Boolean)">
            <summary>
            Initializes a new instance of the <see cref="T:ValidationFramework.ActiveRecord.ActiveRecordValidatableBase`1"/> class.
            </summary>
            <param name="validateOnConstruction">A <see langword="bool"/> indicating if the properties, of the instance being created, should be validated on construction.</param>
        </member>
        <member name="M:ValidationFramework.ActiveRecord.ActiveRecordValidatableBase`1.#ctor(System.Boolean,System.String)">
            <summary>
            Initializes a new instance of the <see cref="T:ValidationFramework.ActiveRecord.ActiveRecordValidatableBase`1"/> class.
            </summary>
            <param name="validateOnConstruction">A <see langword="bool"/> indicating if the properties, of the instance being created, should be validated on construction.</param>
            <param name="ruleSet">The rule set to validate. Use null to validate all rules.</param>
        </member>
        <member name="M:ValidationFramework.ActiveRecord.ActiveRecordValidatableBase`1.#ctor(System.Boolean,System.String,System.Object)">
            <summary>
            Initializes a new instance of the <see cref="T:ValidationFramework.ValidatableBase"/> class.
            </summary>
            <param name="validateOnConstruction">A <see langword="bool"/> indicating if the properties, of the instance being created, should be validated on construction.</param>
            <param name="ruleSet">The rule set to validate. Use null to validate all rules.</param>
            <param name="context">An <see cref="T:System.Object"/> to pass as the context parameter when calling <see cref="M:ValidationFramework.Rule.Validate(System.Object,System.Object,System.Object)"/>. Use a null for a non value.</param>
        </member>
        <member name="M:ValidationFramework.ActiveRecord.ActiveRecordValidatableBase`1.#ctor(System.Boolean,System.String,System.Object,System.Boolean)">
            <summary>
            Initializes a new instance of the <see cref="T:ValidationFramework.ValidatableBase"/> class.
            </summary>
            <param name="validateOnConstruction">A <see langword="bool"/> indicating if the properties, of the instance being created, should be validated on construction.</param>
            <param name="ruleSet">The rule set to validate. Use null to validate all rules.</param>
            <param name="context">An <see cref="T:System.Object"/> to pass as the context parameter when calling <see cref="M:ValidationFramework.Rule.Validate(System.Object,System.Object,System.Object)"/>. Use a null for a non value.</param>
            <param name="ignoreNoRules">Set to <c>true</c> to ignore the fact that no <see cref="T:ValidationFramework.Rule"/>s exists on the current type.</param>
        </member>
        <member name="M:ValidationFramework.ActiveRecord.ActiveRecordValidatableBase`1.#ctor">
            <summary>
            Initializes a new instance of the <see cref="T:ValidationFramework.ValidatableBase"/> class.
            </summary>
            <remarks><see cref="P:ValidationFramework.ValidatableBase.ValidateOnConstruction"/> will default to <see langword="false"/>.</remarks>
        </member>
        <member name="M:ValidationFramework.ActiveRecord.ActiveRecordValidatableBase`1.NHibernate#Classic#IValidatable#Validate">
            <summary>
            Throws an exception explaining why the save or update cannot be executed when fields are not ok to pass.
            </summary>
            <exception cref="T:Castle.Components.Validator.ValidationException"><see cref="P:ValidationFramework.ActiveRecord.ActiveRecordValidatableBase`1.IsValid"/> is <c>false</c>.</exception>
        </member>
        <member name="P:ValidationFramework.ActiveRecord.ActiveRecordValidatableBase`1.Context">
            <summary>
            An <see cref="T:System.Object"/> to pass as the context parameter when calling <see cref="M:ValidationFramework.Rule.Validate(System.Object,System.Object,System.Object)"/>. The default is null.
            </summary>
        </member>
        <member name="P:ValidationFramework.ActiveRecord.ActiveRecordValidatableBase`1.RuleSet">
            <summary>
            Gets the the rule set to validate.
            </summary>
            <remarks>Will be a null to validate all <see cref="T:ValidationFramework.Rule"/>s.</remarks>
        </member>
        <member name="P:ValidationFramework.ActiveRecord.ActiveRecordValidatableBase`1.ValidatorResultsInError">
            <summary>
            Gets a <see cref="T:System.Collections.Generic.IList`1"/> containing all <see cref="T:ValidationFramework.ValidationResult"/> in error.
            </summary>
        </member>
        <member name="P:ValidationFramework.ActiveRecord.ActiveRecordValidatableBase`1.PropertyValidationManager">
            <summary>
            Gets the <see cref="T:ValidationFramework.PropertyValidationManager"/>.
            </summary>
        </member>
        <member name="P:ValidationFramework.ActiveRecord.ActiveRecordValidatableBase`1.IsValid">
            <summary>
            Gets a <see lanword="bool"/> indicating if the current state is valid.
            </summary>
            <remarks>
            Base behavior is to validate all properties and return boolean value.
            Sub-class can override this if, for example, they are validating on the fly.
            </remarks>
        </member>
        <member name="P:ValidationFramework.ActiveRecord.ActiveRecordValidatableBase`1.ErrorMessages">
            <summary>
            Gets a <see see="IList{T}"/> of <see langword="string"/>s that contain all the error messages.
            </summary>
        </member>
        <member name="P:ValidationFramework.ActiveRecord.ActiveRecordValidatableBase`1.ValidateOnConstruction">
            <summary>
            Gets a <see langword="bool"/> indicating if the <see cref="T:ValidationFramework.ValidatableBase"/> has been validated on construction.
            </summary>
        </member>
        <member name="P:ValidationFramework.ActiveRecord.ActiveRecordValidatableBase`1.IgnoreNoRules">
            <summary>
            Gets a value indicating that, if no <see cref="T:ValidationFramework.Rule"/>s exists, it will be ignored.
            </summary>
        </member>
        <member name="M:ValidationFramework.ActiveRecord.ActiveRecordDataErrorInfoValidatableBase`1.#ctor(System.Boolean)">
            <summary>
            Initializes a new instance of the <see cref="T:ValidationFramework.ActiveRecord.ActiveRecordDataErrorInfoValidatableBase`1"/> class.
            </summary>
            <param name="validateOnConstruction">A <see langword="bool"/> indicating if the properties, of the instance being created, should be validated on construction.</param>
        </member>
        <member name="M:ValidationFramework.ActiveRecord.ActiveRecordDataErrorInfoValidatableBase`1.#ctor(System.Boolean,System.String)">
            <summary>
            Initializes a new instance of the <see cref="T:ValidationFramework.ActiveRecord.ActiveRecordDataErrorInfoValidatableBase`1"/> class.
            </summary>
            <param name="validateOnConstruction">A <see langword="bool"/> indicating if the properties, of the instance being created, should be validated on construction.</param>
            <param name="ruleSet">The rule set to validate. Use null to validate all rules.</param>
        </member>
        <member name="M:ValidationFramework.ActiveRecord.ActiveRecordDataErrorInfoValidatableBase`1.#ctor(System.Boolean,System.String,System.Object)">
            <summary>
            Initializes a new instance of the <see cref="T:ValidationFramework.ActiveRecord.ActiveRecordDataErrorInfoValidatableBase`1"/> class.
            </summary>
            <param name="validateOnConstruction">A <see langword="bool"/> indicating if the properties, of the instance being created, should be validated on construction.</param>
            <param name="ruleSet">The rule set to validate. Use null to validate all rules.</param>
            <param name="context">An <see cref="T:System.Object"/> to pass as the context parameter when calling <see cref="M:ValidationFramework.Rule.Validate(System.Object,System.Object,System.Object)"/>. Use a null for a non value.</param>
        </member>
        <member name="M:ValidationFramework.ActiveRecord.ActiveRecordDataErrorInfoValidatableBase`1.#ctor(System.Boolean,System.String,System.Object,System.Boolean)">
            <summary>
            Initializes a new instance of the <see cref="T:ValidationFramework.ActiveRecord.ActiveRecordDataErrorInfoValidatableBase`1"/> class.
            </summary>
            <param name="validateOnConstruction">A <see langword="bool"/> indicating if the properties, of the instance being created, should be validated on construction.</param>
            <param name="ruleSet">The rule set to validate. Use null to validate all rules.</param>
            <param name="context">An <see cref="T:System.Object"/> to pass as the context parameter when calling <see cref="M:ValidationFramework.Rule.Validate(System.Object,System.Object,System.Object)"/>. Use a null for a non value.</param>
            <param name="ignoreNoRules">Set to <c>true</c> to ignore the fact that no <see cref="T:ValidationFramework.Rule"/>s exists on the current type.</param>
        </member>
        <member name="M:ValidationFramework.ActiveRecord.ActiveRecordDataErrorInfoValidatableBase`1.#ctor">
            <summary>
            Initializes a new instance of the <see cref="T:ValidationFramework.ActiveRecord.ActiveRecordDataErrorInfoValidatableBase`1"/> class.
            </summary>
            <remarks><see cref="P:ValidationFramework.ActiveRecord.ActiveRecordValidatableBase`1.ValidateOnConstruction"/> will default to <see langword="false"/>.</remarks>
        </member>
        <member name="M:ValidationFramework.ActiveRecord.ActiveRecordDataErrorInfoValidatableBase`1.ValidateProperty(System.String)">
            <summary>
            Perform validation for specified property.
            </summary>
            <param name="propertyName">The name of the property to validate. The parameter is case sensitive.</param>
        </member>
        <member name="P:ValidationFramework.ActiveRecord.ActiveRecordDataErrorInfoValidatableBase`1.Error">
            <summary>
            Gets an error message indicating what is wrong with this object. 
            </summary>
            <remarks>The uses <see cref="M:ValidationFramework.ResultFormatter.GetConcatenatedErrorMessages(System.Collections.Generic.ICollection{ValidationFramework.ValidationResult})"/> to merge the <see cref="P:ValidationFramework.ValidationResult.ErrorMessage"/>s of <see cref="P:ValidationFramework.ValidatableBase.ValidatorResultsInError"/>.</remarks>
        </member>
        <member name="P:ValidationFramework.ActiveRecord.ActiveRecordDataErrorInfoValidatableBase`1.IsValid">
            <summary>
            Gets a <see lanword="bool"/> indicating if the current state is valid.
            </summary>
            <remarks>
            Since properties are validated when set, calling this property does not validate all properties.
            </remarks>
        </member>
        <member name="P:ValidationFramework.ActiveRecord.ActiveRecordDataErrorInfoValidatableBase`1.Item(System.String)">
            <summary>
            Gets the error message for the property with the given name. 
            </summary>
            <param name="columnName">The name of the property whose error message to get.  The parameter is case sensitive.</param>
            <returns>The error message for the property. The default is an <see cref="F:System.String.Empty"/>.</returns>
        </member>
        <member name="M:ValidationFramework.ActiveRecord.ActiveRecordNotifyValidatableBase`1.#ctor(System.Boolean)">
            <summary>
            Initializes a new instance of the <see cref="T:ValidationFramework.ActiveRecord.ActiveRecordNotifyValidatableBase`1"/> class.
            </summary>
            <param name="validateOnConstruction">A <see langword="bool"/> indicating if the properties, of the instance being created, should be validated on construction.</param>
        </member>
        <member name="M:ValidationFramework.ActiveRecord.ActiveRecordNotifyValidatableBase`1.#ctor(System.Boolean,System.String)">
            <summary>
            Initializes a new instance of the <see cref="T:ValidationFramework.ActiveRecord.ActiveRecordNotifyValidatableBase`1"/> class.
            </summary>
            <param name="validateOnConstruction">A <see langword="bool"/> indicating if the properties, of the instance being created, should be validated on construction.</param>
            <param name="ruleSet">The rule set to validate. Use null to validate all rules.</param>
        </member>
        <member name="M:ValidationFramework.ActiveRecord.ActiveRecordNotifyValidatableBase`1.#ctor(System.Boolean,System.String,System.Object)">
            <summary>
            Initializes a new instance of the <see cref="T:ValidationFramework.ActiveRecord.ActiveRecordNotifyValidatableBase`1"/> class.
            </summary>
            <param name="validateOnConstruction">A <see langword="bool"/> indicating if the properties, of the instance being created, should be validated on construction.</param>
            <param name="ruleSet">The rule set to validate. Use null to validate all rules.</param>
            <param name="context">An <see cref="T:System.Object"/> to pass as the context parameter when calling <see cref="M:ValidationFramework.Rule.Validate(System.Object,System.Object,System.Object)"/>. Use a null for a non value.</param>
        </member>
        <member name="M:ValidationFramework.ActiveRecord.ActiveRecordNotifyValidatableBase`1.#ctor(System.Boolean,System.String,System.Object,System.Boolean)">
            <summary>
            Initializes a new instance of the <see cref="T:ValidationFramework.ActiveRecord.ActiveRecordNotifyValidatableBase`1"/> class.
            </summary>
            <param name="validateOnConstruction">A <see langword="bool"/> indicating if the properties, of the instance being created, should be validated on construction.</param>
            <param name="ruleSet">The rule set to validate. Use null to validate all rules.</param>
            <param name="context">An <see cref="T:System.Object"/> to pass as the context parameter when calling <see cref="M:ValidationFramework.Rule.Validate(System.Object,System.Object,System.Object)"/>. Use a null for a non value.</param>
            <param name="ignoreNoRules">Set to <c>true</c> to ignore the fact that no <see cref="T:ValidationFramework.Rule"/>s exists on the current type.</param>
        </member>
        <member name="M:ValidationFramework.ActiveRecord.ActiveRecordNotifyValidatableBase`1.#ctor">
            <summary>
            Initializes a new instance of the <see cref="T:ValidationFramework.ActiveRecord.ActiveRecordNotifyValidatableBase`1"/> class.
            </summary>
        </member>
        <member name="M:ValidationFramework.ActiveRecord.ActiveRecordNotifyValidatableBase`1.NotifyAndValidate(System.String)">
            <summary>
            Perform validation and <see cref="T:System.ComponentModel.INotifyPropertyChanged"/> functionality for specified property.
            </summary>
            <param name="propertyName">The name of the property to validate.  The parameter is case sensitive.</param>
        </member>
        <member name="M:ValidationFramework.ActiveRecord.ActiveRecordNotifyValidatableBase`1.NotifyPropertyChanged(System.String)">
            <summary>
            Performs INotifyPropertyChanged functionality for specified property.
            </summary>
            <param name="propertyName">The name of the property that has changed. The parameter is case sensitive.</param>
        </member>
        <member name="M:ValidationFramework.ActiveRecord.ActiveRecordNotifyValidatableBase`1.OnPropertyChanged(System.Object,System.ComponentModel.PropertyChangedEventArgs)">
            <summary>
            Raises the <see cref="E:ValidationFramework.ActiveRecord.ActiveRecordNotifyValidatableBase`1.PropertyChanged"/> event.
            </summary>
            <param name="sender">The source of the event.</param>
            <param name="e">A <see cref="T:System.ComponentModel.PropertyChangedEventArgs"/> that contains the event data.</param>
        </member>
        <member name="E:ValidationFramework.ActiveRecord.ActiveRecordNotifyValidatableBase`1.PropertyChanged">
            <summary>
            Occurs when a property value changes.
            </summary>
            <remarks>
            The <see cref="E:ValidationFramework.ActiveRecord.ActiveRecordNotifyValidatableBase`1.PropertyChanged"/> event can indicate all properties on the object have changed by using either a null reference or <see cref="F:System.String.Empty"/> as the <see cref="P:System.ComponentModel.PropertyChangedEventArgs.PropertyName"/> in the <see cref="T:System.ComponentModel.PropertyChangedEventArgs"/>.
            </remarks>
        </member>
        <member name="T:ValidationFramework.ActiveRecord.ActiveRecordNotifyValidatableBase">
            <summary>
            Provides base class that developer can (optionally) inherit from to provide <see cref="T:System.ComponentModel.INotifyPropertyChanged"/> and <see cref="T:System.ComponentModel.IDataErrorInfo"/> functionality for all sub-classes.
            </summary>
            <remarks>
            This ideal for windows forms applications to get immediate validation feedback on data bound controls.
            </remarks>
        </member>
        <member name="T:ValidationFramework.ActiveRecord.ActiveRecordDataErrorInfoValidatableBase">
            <summary>
            Provides base class that developer can inherit from to provide <see cref="T:System.ComponentModel.INotifyPropertyChanged"/> and <see cref="T:System.ComponentModel.IDataErrorInfo"/> functionality for all sub-classes.
            </summary>
            <remarks>This ideal for windows forms applications to get immediate validation feedback on dataBound controls.</remarks>
        </member>
        <member name="M:ValidationFramework.ActiveRecord.ActiveRecordDataErrorInfoValidatableBase.#ctor(System.Boolean)">
            <summary>
            Initializes a new instance of the <see cref="T:ValidationFramework.ActiveRecord.ActiveRecordDataErrorInfoValidatableBase`1"/> class.
            </summary>
            <param name="validateOnConstruction">A <see langword="bool"/> indicating if the properties, of the instance being created, should be validated on construction.</param>
        </member>
        <member name="M:ValidationFramework.ActiveRecord.ActiveRecordDataErrorInfoValidatableBase.#ctor(System.Boolean,System.String)">
            <summary>
            Initializes a new instance of the <see cref="T:ValidationFramework.ActiveRecord.ActiveRecordDataErrorInfoValidatableBase`1"/> class.
            </summary>
            <param name="validateOnConstruction">A <see langword="bool"/> indicating if the properties, of the instance being created, should be validated on construction.</param>
            <param name="ruleSet">The rule set to validate. Use null to validate all rules.</param>
        </member>
        <member name="M:ValidationFramework.ActiveRecord.ActiveRecordDataErrorInfoValidatableBase.#ctor(System.Boolean,System.String,System.Object)">
            <summary>
            Initializes a new instance of the <see cref="T:ValidationFramework.ActiveRecord.ActiveRecordDataErrorInfoValidatableBase`1"/> class.
            </summary>
            <param name="validateOnConstruction">A <see langword="bool"/> indicating if the properties, of the instance being created, should be validated on construction.</param>
            <param name="ruleSet">The rule set to validate. Use null to validate all rules.</param>
            <param name="context">An <see cref="T:System.Object"/> to pass as the context parameter when calling <see cref="M:ValidationFramework.Rule.Validate(System.Object,System.Object,System.Object)"/>. Use a null for a non value.</param>
        </member>
        <member name="M:ValidationFramework.ActiveRecord.ActiveRecordDataErrorInfoValidatableBase.#ctor(System.Boolean,System.String,System.Object,System.Boolean)">
            <summary>
            Initializes a new instance of the <see cref="T:ValidationFramework.ActiveRecord.ActiveRecordDataErrorInfoValidatableBase`1"/> class.
            </summary>
            <param name="validateOnConstruction">A <see langword="bool"/> indicating if the properties, of the instance being created, should be validated on construction.</param>
            <param name="ruleSet">The rule set to validate. Use null to validate all rules.</param>
            <param name="context">An <see cref="T:System.Object"/> to pass as the context parameter when calling <see cref="M:ValidationFramework.Rule.Validate(System.Object,System.Object,System.Object)"/>. Use a null for a non value.</param>
            <param name="ignoreNoRules">Set to <c>true</c> to ignore the fact that no <see cref="T:ValidationFramework.Rule"/>s exists on the current type.</param>
        </member>
        <member name="M:ValidationFramework.ActiveRecord.ActiveRecordDataErrorInfoValidatableBase.#ctor">
            <summary>
            Initializes a new instance of the <see cref="T:ValidationFramework.ActiveRecord.ActiveRecordDataErrorInfoValidatableBase`1"/> class.
            </summary>
            <remarks><see cref="P:ValidationFramework.ActiveRecord.ActiveRecordValidatableBase`1.ValidateOnConstruction"/> will default to <see langword="false"/>.</remarks>
        </member>
        <member name="M:ValidationFramework.ActiveRecord.ActiveRecordDataErrorInfoValidatableBase.ValidateProperty(System.String)">
            <summary>
            Perform validation for specified property.
            </summary>
            <param name="propertyName">The name of the property to validate. The parameter is case sensitive.</param>
        </member>
        <member name="P:ValidationFramework.ActiveRecord.ActiveRecordDataErrorInfoValidatableBase.Error">
            <summary>
            Gets an error message indicating what is wrong with this object. 
            </summary>
            <remarks>The uses <see cref="M:ValidationFramework.ResultFormatter.GetConcatenatedErrorMessages(System.Collections.Generic.ICollection{ValidationFramework.ValidationResult})"/> to merge the <see cref="P:ValidationFramework.ValidationResult.ErrorMessage"/>s of <see cref="P:ValidationFramework.ValidatableBase.ValidatorResultsInError"/>.</remarks>
        </member>
        <member name="P:ValidationFramework.ActiveRecord.ActiveRecordDataErrorInfoValidatableBase.IsValid">
            <summary>
            Gets a <see lanword="bool"/> indicating if the current state is valid.
            </summary>
            <remarks>
            Since properties are validated when set, calling this property does not validate all properties.
            </remarks>
        </member>
        <member name="P:ValidationFramework.ActiveRecord.ActiveRecordDataErrorInfoValidatableBase.Item(System.String)">
            <summary>
            Gets the error message for the property with the given name. 
            </summary>
            <param name="columnName">The name of the property whose error message to get.  The parameter is case sensitive.</param>
            <returns>The error message for the property. The default is an <see cref="F:System.String.Empty"/>.</returns>
        </member>
        <member name="M:ValidationFramework.ActiveRecord.ActiveRecordNotifyValidatableBase.#ctor(System.Boolean)">
            <summary>
            Initializes a new instance of the <see cref="T:ValidationFramework.ActiveRecord.ActiveRecordNotifyValidatableBase`1"/> class.
            </summary>
            <param name="validateOnConstruction">A <see langword="bool"/> indicating if the properties, of the instance being created, should be validated on construction.</param>
        </member>
        <member name="M:ValidationFramework.ActiveRecord.ActiveRecordNotifyValidatableBase.#ctor(System.Boolean,System.String)">
            <summary>
            Initializes a new instance of the <see cref="T:ValidationFramework.ActiveRecord.ActiveRecordNotifyValidatableBase`1"/> class.
            </summary>
            <param name="validateOnConstruction">A <see langword="bool"/> indicating if the properties, of the instance being created, should be validated on construction.</param>
            <param name="ruleSet">The rule set to validate. Use null to validate all rules.</param>
        </member>
        <member name="M:ValidationFramework.ActiveRecord.ActiveRecordNotifyValidatableBase.#ctor(System.Boolean,System.String,System.Object)">
            <summary>
            Initializes a new instance of the <see cref="T:ValidationFramework.ActiveRecord.ActiveRecordNotifyValidatableBase`1"/> class.
            </summary>
            <param name="validateOnConstruction">A <see langword="bool"/> indicating if the properties, of the instance being created, should be validated on construction.</param>
            <param name="ruleSet">The rule set to validate. Use null to validate all rules.</param>
            <param name="context">An <see cref="T:System.Object"/> to pass as the context parameter when calling <see cref="M:ValidationFramework.Rule.Validate(System.Object,System.Object,System.Object)"/>. Use a null for a non value.</param>
        </member>
        <member name="M:ValidationFramework.ActiveRecord.ActiveRecordNotifyValidatableBase.#ctor(System.Boolean,System.String,System.Object,System.Boolean)">
            <summary>
            Initializes a new instance of the <see cref="T:ValidationFramework.ActiveRecord.ActiveRecordNotifyValidatableBase`1"/> class.
            </summary>
            <param name="validateOnConstruction">A <see langword="bool"/> indicating if the properties, of the instance being created, should be validated on construction.</param>
            <param name="ruleSet">The rule set to validate. Use null to validate all rules.</param>
            <param name="context">An <see cref="T:System.Object"/> to pass as the context parameter when calling <see cref="M:ValidationFramework.Rule.Validate(System.Object,System.Object,System.Object)"/>. Use a null for a non value.</param>
            <param name="ignoreNoRules">Set to <c>true</c> to ignore the fact that no <see cref="T:ValidationFramework.Rule"/>s exists on the current type.</param>
        </member>
        <member name="M:ValidationFramework.ActiveRecord.ActiveRecordNotifyValidatableBase.#ctor">
            <summary>
            Initializes a new instance of the <see cref="T:ValidationFramework.ActiveRecord.ActiveRecordNotifyValidatableBase`1"/> class.
            </summary>
        </member>
        <member name="M:ValidationFramework.ActiveRecord.ActiveRecordNotifyValidatableBase.NotifyAndValidate(System.String)">
            <summary>
            Perform validation and <see cref="T:System.ComponentModel.INotifyPropertyChanged"/> functionality for specified property.
            </summary>
            <param name="propertyName">The name of the property to validate.  The parameter is case sensitive.</param>
        </member>
        <member name="M:ValidationFramework.ActiveRecord.ActiveRecordNotifyValidatableBase.NotifyPropertyChanged(System.String)">
            <summary>
            Performs INotifyPropertyChanged functionality for specified property.
            </summary>
            <param name="propertyName">The name of the property that has changed. The parameter is case sensitive.</param>
        </member>
        <member name="M:ValidationFramework.ActiveRecord.ActiveRecordNotifyValidatableBase.OnPropertyChanged(System.Object,System.ComponentModel.PropertyChangedEventArgs)">
            <summary>
            Raises the <see cref="E:ValidationFramework.ActiveRecord.ActiveRecordNotifyValidatableBase.PropertyChanged"/> event.
            </summary>
            <param name="sender">The source of the event.</param>
            <param name="e">A <see cref="T:System.ComponentModel.PropertyChangedEventArgs"/> that contains the event data.</param>
        </member>
        <member name="E:ValidationFramework.ActiveRecord.ActiveRecordNotifyValidatableBase.PropertyChanged">
            <summary>
            Occurs when a property value changes.
            </summary>
            <remarks>
            The <see cref="E:ValidationFramework.ActiveRecord.ActiveRecordNotifyValidatableBase.PropertyChanged"/> event can indicate all properties on the object have changed by using either a null reference or <see cref="F:System.String.Empty"/> as the <see cref="P:System.ComponentModel.PropertyChangedEventArgs.PropertyName"/> in the <see cref="T:System.ComponentModel.PropertyChangedEventArgs"/>.
            </remarks>
        </member>
    </members>
</doc>
